review_id,label
24001,1
24002,1
24003,0
24004,1
24005,2
24006,0
24007,1
24008,0
24009,2
24010,1
24011,0
24012,1
24013,1
24014,1
24015,2
24016,1
24017,1
24018,0
24019,2
24020,1
24021,1
24022,1
24023,1
24024,2
24025,1
24026,1
24027,2
24028,0
24029,1
24030,0
24031,1
24032,1
24033,1
24034,0
24035,1
24036,1
24037,1
24038,0
24039,1
24040,1
24041,1
24042,2
24043,0
24044,1
24045,1
24046,1
24047,0
24048,1
24049,3
24050,1
24051,0
24052,0
24053,1
24054,1
24055,2
24056,1
24057,1
24058,1
24059,1
24060,0
24061,1
24062,0
24063,0
24064,1
24065,1
24066,0
24067,1
24068,1
24069,1
24070,0
24071,2
24072,1
24073,2
24074,1
24075,1
24076,1
24077,0
24078,2
24079,2
24080,0
24081,1
24082,1
24083,0
24084,2
24085,1
24086,1
24087,0
24088,1
24089,1
24090,1
24091,2
24092,1
24093,3
24094,1
24095,2
24096,2
24097,0
24098,2
24099,1
24100,0
24101,0
24102,1
24103,1
24104,1
24105,1
24106,1
24107,1
24108,1
24109,2
24110,2
24111,1
24112,1
24113,0
24114,2
24115,0
24116,0
24117,1
24118,0
24119,0
24120,1
24121,1
24122,2
24123,1
24124,1
24125,1
24126,0
24127,1
24128,1
24129,1
24130,1
24131,1
24132,2
24133,1
24134,2
24135,1
24136,1
24137,1
24138,0
24139,1
24140,1
24141,1
24142,1
24143,0
24144,1
24145,1
24146,1
24147,1
24148,1
24149,1
24150,0
24151,0
24152,2
24153,1
24154,1
24155,0
24156,0
24157,2
24158,0
24159,1
24160,1
24161,0
24162,1
24163,1
24164,1
24165,2
24166,0
24167,1
24168,1
24169,1
24170,0
24171,1
24172,1
24173,0
24174,1
24175,3
24176,1
24177,1
24178,1
24179,1
24180,1
24181,1
24182,0
24183,1
24184,2
24185,2
24186,1
24187,1
24188,2
24189,1
24190,1
24191,1
24192,2
24193,1
24194,0
24195,2
24196,0
24197,0
24198,2
24199,2
24200,1
24201,0
24202,2
24203,2
24204,0
24205,2
24206,1
24207,1
24208,2
24209,1
24210,1
24211,2
24212,2
24213,0
24214,0
24215,0
24216,1
24217,1
24218,1
24219,2
24220,2
24221,2
24222,1
24223,1
24224,1
24225,1
24226,0
24227,1
24228,1
24229,1
24230,0
24231,2
24232,2
24233,1
24234,1
24235,1
24236,2
24237,1
24238,1
24239,0
24240,0
24241,2
24242,3
24243,0
24244,1
24245,2
24246,2
24247,1
24248,1
24249,0
24250,2
24251,1
24252,1
24253,1
24254,2
24255,1
24256,1
24257,2
24258,1
24259,2
24260,2
24261,1
24262,1
24263,1
24264,1
24265,2
24266,0
24267,1
24268,2
24269,2
24270,1
24271,1
24272,1
24273,0
24274,1
24275,2
24276,2
24277,1
24278,1
24279,1
24280,2
24281,0
24282,1
24283,1
24284,1
24285,0
24286,0
24287,1
24288,1
24289,2
24290,1
24291,1
24292,1
24293,1
24294,1
24295,1
24296,1
24297,2
24298,1
24299,1
24300,0
24301,0
24302,1
24303,1
24304,1
24305,0
24306,2
24307,1
24308,1
24309,0
24310,1
24311,0
24312,1
24313,1
24314,1
24315,1
24316,0
24317,0
24318,0
24319,1
24320,1
24321,1
24322,1
24323,1
24324,0
24325,1
24326,1
24327,1
24328,2
24329,1
24330,1
24331,1
24332,1
24333,0
24334,0
24335,1
24336,1
24337,1
24338,2
24339,1
24340,2
24341,2
24342,1
24343,1
24344,1
24345,1
24346,1
24347,2
24348,2
24349,1
24350,0
24351,1
24352,1
24353,1
24354,2
24355,1
24356,1
24357,1
24358,1
24359,0
24360,1
24361,2
24362,2
24363,0
24364,1
24365,1
24366,1
24367,0
24368,1
24369,1
24370,2
24371,1
24372,2
24373,1
24374,0
24375,1
24376,1
24377,2
24378,2
24379,1
24380,1
24381,2
24382,1
24383,1
24384,1
24385,0
24386,2
24387,1
24388,2
24389,0
24390,1
24391,2
24392,0
24393,0
24394,1
24395,1
24396,0
24397,1
24398,1
24399,1
24400,1
24401,1
24402,0
24403,0
24404,1
24405,2
24406,1
24407,1
24408,2
24409,0
24410,1
24411,1
24412,1
24413,2
24414,1
24415,0
24416,1
24417,1
24418,0
24419,1
24420,0
24421,1
24422,2
24423,1
24424,1
24425,1
24426,1
24427,2
24428,1
24429,2
24430,1
24431,0
24432,1
24433,2
24434,0
24435,2
24436,2
24437,2
24438,1
24439,2
24440,2
24441,1
24442,2
24443,1
24444,1
24445,1
24446,1
24447,2
24448,1
24449,1
24450,2
24451,1
24452,1
24453,2
24454,1
24455,2
24456,1
24457,0
24458,1
24459,1
24460,1
24461,1
24462,1
24463,1
24464,2
24465,1
24466,1
24467,1
24468,1
24469,2
24470,1
24471,0
24472,2
24473,1
24474,1
24475,1
24476,2
24477,1
24478,1
24479,1
24480,1
24481,1
24482,0
24483,1
24484,1
24485,0
24486,1
24487,1
24488,1
24489,0
24490,2
24491,0
24492,0
24493,1
24494,1
24495,1
24496,1
24497,2
24498,1
24499,1
24500,1
24501,0
24502,2
24503,1
24504,1
24505,2
24506,1
24507,0
24508,0
24509,1
24510,1
24511,0
24512,1
24513,2
24514,0
24515,2
24516,2
24517,1
24518,2
24519,2
24520,1
24521,1
24522,1
24523,2
24524,1
24525,1
24526,0
24527,1
24528,1
24529,1
24530,1
24531,1
24532,2
24533,2
24534,1
24535,1
24536,1
24537,2
24538,0
24539,2
24540,2
24541,1
24542,1
24543,1
24544,1
24545,0
24546,0
24547,1
24548,2
24549,2
24550,1
24551,1
24552,2
24553,1
24554,0
24555,1
24556,1
24557,1
24558,1
24559,1
24560,1
24561,1
24562,1
24563,1
24564,0
24565,1
24566,2
24567,1
24568,1
24569,1
24570,1
24571,1
24572,1
24573,2
24574,1
24575,1
24576,1
24577,1
24578,1
24579,1
24580,1
24581,2
24582,1
24583,0
24584,1
24585,1
24586,1
24587,1
24588,1
24589,2
24590,2
24591,2
24592,1
24593,1
24594,1
24595,1
24596,2
24597,1
24598,0
24599,1
24600,1
24601,1
24602,1
24603,1
24604,0
24605,1
24606,1
24607,1
24608,0
24609,1
24610,1
24611,1
24612,1
24613,2
24614,1
24615,1
24616,1
24617,2
24618,2
24619,2
24620,1
24621,2
24622,2
24623,2
24624,1
24625,2
24626,1
24627,1
24628,2
24629,0
24630,1
24631,1
24632,1
24633,0
24634,2
24635,1
24636,2
24637,1
24638,1
24639,0
24640,1
24641,1
24642,1
24643,1
24644,1
24645,1
24646,0
24647,1
24648,0
24649,1
24650,1
24651,1
24652,1
24653,2
24654,2
24655,1
24656,2
24657,1
24658,1
24659,1
24660,2
24661,1
24662,2
24663,1
24664,2
24665,1
24666,2
24667,1
24668,1
24669,1
24670,1
24671,0
24672,2
24673,1
24674,1
24675,1
24676,1
24677,2
24678,1
24679,1
24680,1
24681,2
24682,1
24683,2
24684,1
24685,1
24686,1
24687,1
24688,0
24689,2
24690,2
24691,1
24692,1
24693,1
24694,1
24695,2
24696,1
24697,1
24698,2
24699,1
24700,0
24701,1
24702,1
24703,0
24704,1
24705,2
24706,1
24707,1
24708,1
24709,1
24710,1
24711,0
24712,1
24713,2
24714,1
24715,2
24716,1
24717,0
24718,0
24719,2
24720,2
24721,2
24722,1
24723,1
24724,2
24725,1
24726,1
24727,2
24728,1
24729,1
24730,0
24731,0
24732,0
24733,1
24734,1
24735,1
24736,1
24737,2
24738,1
24739,2
24740,1
24741,0
24742,0
24743,1
24744,1
24745,0
24746,1
24747,2
24748,1
24749,0
24750,1
24751,1
24752,0
24753,2
24754,1
24755,1
24756,1
24757,2
24758,2
24759,1
24760,2
24761,1
24762,0
24763,1
24764,2
24765,0
24766,1
24767,0
24768,2
24769,1
24770,1
24771,1
24772,1
24773,2
24774,1
24775,2
24776,1
24777,2
24778,1
24779,0
24780,2
24781,0
24782,1
24783,1
24784,2
24785,1
24786,0
24787,0
24788,1
24789,2
24790,1
24791,1
24792,0
24793,0
24794,2
24795,1
24796,2
24797,1
24798,0
24799,2
24800,1
24801,2
24802,1
24803,1
24804,1
24805,2
24806,1
24807,1
24808,1
24809,1
24810,1
24811,1
24812,2
24813,1
24814,1
24815,1
24816,2
24817,0
24818,1
24819,0
24820,1
24821,2
24822,1
24823,1
24824,2
24825,0
24826,1
24827,0
24828,1
24829,1
24830,1
24831,2
24832,1
24833,1
24834,1
24835,1
24836,2
24837,1
24838,1
24839,2
24840,1
24841,1
24842,2
24843,0
24844,1
24845,0
24846,1
24847,0
24848,1
24849,1
24850,2
24851,2
24852,2
24853,1
24854,0
24855,2
24856,1
24857,1
24858,2
24859,1
24860,1
24861,1
24862,0
24863,0
24864,1
24865,1
24866,2
24867,1
24868,1
24869,2
24870,0
24871,1
24872,1
24873,2
24874,1
24875,1
24876,1
24877,1
24878,0
24879,1
24880,0
24881,2
24882,1
24883,1
24884,1
24885,1
24886,1
24887,1
24888,1
24889,1
24890,1
24891,0
24892,1
24893,0
24894,2
24895,1
24896,1
24897,1
24898,0
24899,1
24900,1
24901,1
24902,1
24903,0
24904,0
24905,0
24906,2
24907,2
24908,1
24909,0
24910,1
24911,2
24912,1
24913,1
24914,2
24915,1
24916,0
24917,1
24918,1
24919,1
24920,2
24921,0
24922,2
24923,0
24924,0
24925,2
24926,1
24927,0
24928,0
24929,2
24930,1
24931,0
24932,0
24933,1
24934,2
24935,1
24936,1
24937,1
24938,1
24939,1
24940,1
24941,1
24942,2
24943,2
24944,1
24945,0
24946,0
24947,2
24948,1
24949,0
24950,1
24951,0
24952,1
24953,2
24954,1
24955,1
24956,2
24957,1
24958,1
24959,1
24960,1
24961,2
24962,1
24963,2
24964,1
24965,1
24966,1
24967,1
24968,1
24969,1
24970,2
24971,1
24972,1
24973,0
24974,2
24975,0
24976,1
24977,1
24978,2
24979,1
24980,1
24981,2
24982,3
24983,1
24984,2
24985,0
24986,2
24987,1
24988,0
24989,2
24990,2
24991,2
24992,1
24993,2
24994,2
24995,3
24996,2
24997,1
24998,0
24999,1
25000,2
25001,0
25002,1
25003,2
25004,1
25005,2
25006,1
25007,0
25008,2
25009,0
25010,2
25011,0
25012,1
25013,2
25014,2
25015,1
25016,1
25017,0
25018,0
25019,1
25020,1
25021,2
25022,1
25023,2
25024,2
25025,1
25026,0
25027,2
25028,1
25029,2
25030,1
25031,1
25032,0
25033,1
25034,1
25035,0
25036,2
25037,0
25038,1
25039,2
25040,2
25041,2
25042,1
25043,1
24544,1
25045,1
25046,2
25047,0
25048,1
25049,0
25050,1
25051,1
25052,1
25053,1
25054,1
25055,0
25056,1
25057,2
25058,1
25059,2
25060,1
25061,0
25062,0
25063,1
25064,0
25065,1
25066,1
25067,1
25068,0
25069,2
25070,1
25071,2
25072,1
25073,2
25074,1
25075,1
25076,1
25077,1
25078,1
25079,1
25080,0
25081,1
25082,2
25083,1
25084,1
25085,1
25086,1
25087,0
25088,1
25089,1
25090,1
25091,1
25092,1
25093,1
25094,2
25095,1
25096,1
25097,1
25098,1
25099,2
25100,1
25101,1
25102,1
25103,1
25104,1
25105,0
25106,1
25107,2
25108,2
25109,1
25110,0
25111,1
25112,2
25113,1
25114,0
25115,1
25116,2
25117,1
25118,1
25119,1
25120,1
25121,2
25122,0
25123,1
25124,1
25125,1
25126,1
25127,1
25128,2
25129,1
25130,1
25131,2
25132,0
25133,1
25134,2
25135,2
25136,0
25137,1
25138,0
25139,1
25140,2
25141,2
25142,1
25143,1
25144,1
25145,2
25146,1
25147,2
25148,1
25149,1
25150,1
25151,1
25152,1
25153,1
25154,2
25155,2
25156,1
25157,0
25158,1
25159,2
25160,1
25161,0
25162,1
25163,1
25164,0
25165,1
25166,1
25167,1
25168,1
25169,2
25170,1
25171,0
25172,1
25173,1
25174,0
25175,1
25176,1
25177,2
25178,1
25179,0
25180,1
25181,2
25182,1
25183,1
25184,0
25185,0
25186,1
25187,1
25188,1
25189,2
25190,1
25191,1
25192,1
25193,2
25194,0
25195,1
25196,2
25197,1
25198,0
25199,1
25200,0
25201,1
25202,1
25203,2
25204,2
25205,0
25206,0
25207,2
25208,2
25209,2
25210,1
25211,0
25212,1
25213,0
25214,1
25215,1
25216,1
25217,1
25218,1
25219,1
25220,1
25221,2
25222,0
25223,0
25224,1
25225,1
25226,0
25227,1
25228,1
25229,1
25230,2
25231,1
25232,2
25233,0
25234,1
25235,1
25236,2
25237,1
25238,2
25239,1
25240,2
25241,0
25242,1
25243,1
25244,1
25245,2
25246,2
25247,1
25248,1
25249,0
25250,1
25251,1
25252,1
25253,0
25254,1
25255,1
25256,1
25257,1
25258,0
25259,2
25260,2
25261,2
25262,1
25263,0
25264,2
25265,1
25266,1
25267,1
25268,0
25269,1
25270,0
25271,2
25272,0
25273,1
25274,1
25275,2
25276,2
25277,1
25278,1
25279,1
25280,2
25281,1
25282,2
25283,2
25284,2
25285,2
25286,0
25287,2
25288,1
25289,1
25290,1
25291,1
25292,1
25293,1
25294,1
25295,1
25296,1
25297,0
25298,2
25299,2
25300,1
25301,2
25302,0
25303,0
25304,1
25305,0
25306,1
25307,1
25308,1
25309,0
25310,1
25311,2
25312,1
25313,1
25314,0
25315,1
25316,2
25317,2
25318,1
25319,1
25320,2
25321,2
25322,1
25323,1
25324,1
25325,1
25326,1
25327,1
25328,1
25329,1
25330,1
25331,0
25332,2
25333,0
25334,1
25335,1
25336,0
25337,2
25338,2
25339,0
25340,0
25341,1
25342,1
25343,2
25344,1
25345,1
25346,1
25347,0
25348,1
25349,1
25350,1
25351,1
25352,2
25353,1
25354,0
25355,1
25356,1
25357,2
25358,2
25359,1
25360,1
25361,1
25362,2
25363,1
25364,0
25365,1
25366,0
25367,0
25368,1
25369,0
25370,0
25371,2
25372,0
25373,2
25374,0
25375,2
25376,1
25377,2
25378,0
25379,1
25380,1
25381,1
25382,0
25383,1
25384,1
25385,1
25386,1
25387,1
25388,1
25389,2
25390,1
25391,1
25392,1
25393,2
25394,2
25395,2
25396,1
25397,2
25398,2
25399,0
25400,1
25401,2
25402,0
25403,2
25404,2
25405,0
25406,1
25407,0
25408,1
25409,1
25410,2
25411,2
25412,2
25413,0
25414,2
25415,1
25416,2
25417,1
25418,1
25419,0
25420,1
25421,1
25422,1
25423,1
25424,1
25425,2
25426,2
25427,2
25428,0
25429,1
25430,0
25431,1
25432,1
25433,2
25434,1
25435,1
25436,1
25437,1
25438,0
25439,0
25440,0
25441,2
25442,1
25443,1
25444,1
25445,2
25446,0
25447,2
25448,1
25449,1
25450,2
25451,1
25452,1
25453,2
25454,1
25455,2
25456,1
25457,0
25458,2
25459,0
25460,2
25461,1
25462,0
25463,1
25464,0
25465,1
25466,2
25467,0
25468,0
25469,1
25470,1
25471,1
25472,0
25473,1
25474,2
25475,1
25476,1
25477,0
25478,1
25479,0
25480,1
25481,1
25482,1
25483,1
25484,2
25485,1
25486,1
25487,2
25488,0
25489,2
25490,1
25491,1
25492,1
25493,1
25494,1
25495,0
25496,2
25497,1
25498,1
25499,1
25500,0
25501,1
25502,0
25503,1
25504,2
25505,1
25506,1
25507,2
25508,0
25509,1
25510,1
25511,1
25512,1
25513,1
25514,2
25515,1
25516,1
25517,1
25518,2
25519,0
25520,2
25521,1
25522,1
25523,1
25524,0
25525,1
25526,0
25527,1
25528,2
25529,1
25530,1
25531,2
25532,1
25533,1
25534,1
25535,1
25536,0
25537,1
25538,0
25539,0
25540,1
25541,0
25542,0
25543,2
25544,1
25545,2
25546,1
25547,2
25548,1
25549,1
25550,2
25551,0
25552,1
25553,1
25554,1
25555,1
25556,2
25557,1
25558,1
25559,2
25560,1
25561,1
25562,1
25563,2
25564,1
25565,0
25566,0
25567,0
25568,1
25569,1
25570,2
25571,1
25572,2
25573,2
25574,1
25575,0
25576,1
25577,1
25578,0
25579,1
25580,1
25581,1
25582,2
25583,0
25584,2
25585,1
25586,0
25587,1
25588,0
25589,1
25590,2
25591,1
25592,2
25593,1
25594,2
25595,1
25596,1
25597,1
25598,1
25599,2
25600,0
25601,1
25602,1
25603,1
25604,2
25605,1
25606,1
25607,1
25608,0
25609,2
25610,0
25611,2
25612,1
25613,0
25614,2
25615,1
25616,1
25617,2
25618,0
25619,0
25620,1
25621,0
25622,1
25623,2
25624,1
25625,0
25626,1
25627,1
25628,0
25629,0
25630,2
25631,2
25632,1
25633,1
25634,1
25635,1
25636,1
25637,1
25638,2
25639,0
25640,0
25641,1
25642,2
25643,1
25644,1
25645,1
25646,1
25647,2
25648,0
25649,0
25650,2
25651,0
25652,1
25653,1
25654,2
25655,1
25656,2
25657,1
25658,0
25659,1
25660,2
25661,2
25662,0
25663,2
25664,1
25665,2
25666,1
25667,1
25668,1
25669,0
25670,1
25671,1
25672,1
25673,0
25674,1
25675,1
25676,1
25677,1
25678,2
25679,2
25680,1
25681,1
25682,1
25683,1
25684,1
25685,1
25686,1
25687,2
25688,1
25689,2
25690,2
25691,0
25692,1
25693,2
25694,2
25695,2
25696,2
25697,2
25698,1
25699,0
25700,1
25701,0
25702,1
25703,1
25704,2
25705,0
25706,0
25707,1
25708,1
25709,1
25710,2
25711,0
25712,0
25713,2
25714,1
25715,1
25716,1
25717,1
25718,2
25719,1
25720,1
25721,1
25722,1
25723,1
25724,0
25725,0
25726,2
25727,1
25728,2
25729,1
25730,1
25731,2
25732,2
25733,1
25734,1
25735,2
25736,2
25737,1
25738,1
25739,1
25740,1
25741,1
25742,0
25743,0
25744,2
25745,2
25746,0
25747,2
25748,1
25749,1
25750,0
25751,1
25752,1
25753,1
25754,0
25755,1
25756,1
25757,1
25758,1
25759,0
25760,1
25761,1
25762,1
25763,1
25764,1
25765,1
25766,1
25767,1
25768,1
25769,1
25770,1
25771,1
25772,0
25773,1
25774,0
25775,1
25776,1
25777,2
25778,1
25779,1
25780,1
25781,1
25782,3
25783,0
25784,0
25785,1
25786,0
25787,1
25788,1
25789,1
25790,1
25791,0
25792,0
25793,1
25794,1
25795,0
25796,1
25797,2
25798,1
25799,1
25800,2
25801,0
25802,1
25803,0
25804,1
25805,1
25806,1
25807,2
25808,2
25809,1
25810,1
25811,0
25812,2
25813,0
25814,2
25815,0
25816,0
25817,1
25818,1
25819,0
25820,1
25821,1
25822,1
25823,0
25824,1
25825,0
25826,1
25827,1
25828,1
25829,1
25830,2
25831,1
25832,1
25833,1
25834,0
25835,0
25836,0
25837,1
25838,1
25839,1
25840,1
25841,1
25842,1
25843,0
25844,1
25845,2
25846,2
25847,0
25848,1
25849,1
25850,1
25851,0
25852,1
25853,1
25854,3
25855,0
25856,2
25857,2
25858,0
25859,1
25860,0
25861,1
25862,1
25863,1
25864,1
25865,2
25866,0
25867,1
25868,1
25869,1
25870,1
25871,1
25872,1
25873,0
25874,2
25875,1
25876,1
25877,2
25878,1
25879,1
25880,1
25881,1
25882,0
25883,1
25884,0
25885,1
25886,2
25887,1
25888,0
25889,1
25890,1
25891,1
25892,1
25893,1
25894,1
25895,0
25896,2
25897,2
25898,1
25899,1
25900,0
25901,0
25902,1
25903,2
25904,1
25905,1
25906,1
25907,1
25908,0
25909,1
25910,2
25911,0
25912,2
25913,1
25914,0
25915,1
25916,1
25917,1
25918,0
25919,0
25920,1
25921,1
25922,1
25923,0
25924,0
25925,1
25926,1
25927,0
25928,1
25929,0
25930,1
25931,0
25932,1
25933,1
25934,1
25935,1
25936,0
25937,0
25938,2
25939,2
25940,1
25941,1
25942,1
25943,1
25944,1
25945,1
25946,1
25947,1
25948,2
25949,0
25950,0
25951,2
25952,2
25953,1
25954,1
25955,1
25956,1
25957,1
25958,1
25959,2
25960,1
25961,1
25962,1
25963,2
25964,1
25965,1
25966,1
25967,1
25968,1
25969,1
25970,1
25971,1
25972,1
25973,1
25974,0
25975,1
25976,2
25977,0
25978,2
25979,2
25980,1
25981,2
25982,1
25983,2
25984,2
25985,1
25986,2
25987,1
25988,1
25989,0
25990,1
25991,0
25992,1
25993,1
25994,2
25995,0
25996,0
25997,2
25998,2
25999,1
26000,2
26001,0
26002,1
26003,0
26004,1
26005,1
26006,2
26007,2
26008,1
26009,1
26010,1
26011,1
26012,1
26013,2
26014,0
26015,3
26016,1
26017,0
26018,0
26019,1
26020,1
26021,1
26022,0
26023,1
26024,1
26025,1
26026,1
26027,2
26028,1
26029,2
26030,1
26031,2
26032,1
26033,1
26034,2
26035,1
26036,1
26037,2
26038,1
26039,1
26040,2
26041,1
26042,0
26043,1
26044,2
26045,2
26046,0
26047,1
26048,1
26049,0
26050,1
26051,1
26052,1
26053,1
26054,0
26055,2
26056,1
26057,2
26058,2
26059,2
26060,0
26061,1
26062,2
26063,1
26064,1
26065,0
26066,2
26067,1
26068,2
26069,0
26070,1
26071,0
26072,0
26073,0
26074,1
26075,0
26076,0
26077,0
26078,0
26079,1
26080,1
26081,2
26082,0
26083,1
26084,1
26085,0
26086,1
26087,1
26088,2
26089,1
26090,0
26091,1
26092,0
26093,2
26094,1
26095,1
26096,0
26097,2
26098,2
26099,1
26100,1
26101,1
26102,1
26103,1
26104,2
26105,1
26106,1
26107,2
26108,1
26109,0
26110,2
26111,1
26112,1
26113,2
26114,1
26115,0
26116,1
26117,1
26118,1
26119,0
26120,2
26121,1
26122,0
26123,1
26124,2
26125,1
26126,1
26127,1
26128,0
26129,1
26130,2
26131,2
26132,2
26133,0
26134,1
26135,0
26136,0
26137,1
26138,0
26139,1
26140,1
26141,0
26142,0
26143,2
26144,1
26145,1
26146,1
26147,2
26148,1
26149,2
26150,2
26151,0
26152,0
26153,1
26154,0
26155,1
26156,1
26157,0
26158,1
26159,1
26160,1
26161,1
26162,0
26163,1
26164,0
26165,1
26166,1
26167,1
26168,2
26169,0
26170,0
26171,1
26172,1
26173,2
26174,1
26175,2
26176,2
26177,1
26178,2
26179,0
26180,1
26181,2
26182,1
26183,1
26184,1
26185,1
26186,2
26187,2
26188,2
26189,2
26190,1
26191,1
26192,1
26193,2
26194,1
26195,1
26196,1
26197,0
26198,1
26199,2
26200,2
26201,0
26202,1
26203,1
26204,2
26205,1
26206,1
26207,2
26208,2
26209,1
26210,0
26211,2
26212,1
26213,2
26214,0
26215,1
26216,0
26217,1
26218,1
26219,1
26220,1
26221,2
26222,2
26223,1
26224,1
26225,1
26226,2
26227,1
26228,1
26229,1
26230,1
26231,2
26232,1
26233,1
26234,2
26235,1
26236,1
26237,1
26238,0
26239,0
26240,1
26241,1
26242,1
26243,1
26244,2
26245,0
26246,2
26247,1
26248,1
26249,1
26250,2
26251,2
26252,1
26253,2
26254,1
26255,0
26256,0
26257,2
26258,1
26259,0
26260,1
26261,1
26262,2
26263,1
26264,1
26265,0
26266,1
26267,0
26268,1
26269,1
26270,0
26271,1
26272,1
26273,2
26274,1
26275,2
26276,0
26277,1
26278,1
26279,1
26280,1
26281,1
26282,1
26283,2
26284,2
26285,1
26286,0
26287,1
26288,1
26289,0
26290,1
26291,1
26292,1
26293,1
26294,2
26295,1
26296,2
26297,1
26298,1
26299,0
26300,1
26301,1
26302,0
26303,2
26304,1
26305,1
26306,1
26307,2
26308,1
26309,1
26310,2
26311,1
26312,1
26313,0
26314,0
26315,1
26316,1
26317,1
26318,1
26319,1
26320,1
26321,0
26322,2
26323,1
26324,0
26325,2
26326,0
26327,1
26328,1
26329,0
26330,0
26331,1
26332,2
26333,0
26334,1
26335,1
26336,1
26337,2
26338,1
26339,2
26340,1
26341,1
26342,0
26343,1
26344,1
26345,1
26346,1
26347,1
26348,1
26349,1
26350,2
26351,1
26352,1
26353,2
26354,1
26355,0
26356,1
26357,0
26358,2
26359,1
26360,1
26361,2
26362,1
26363,1
26364,2
26365,1
26366,1
26367,1
26368,1
26369,1
26370,1
26371,1
26372,1
26373,2
26374,2
26375,1
26376,0
26377,1
26378,1
26379,1
26380,2
26381,1
26382,1
26383,1
26384,0
26385,1
26386,1
26387,0
26388,1
26389,1
26390,0
26391,2
26392,1
26393,2
26394,1
26395,1
26396,1
26397,2
26398,2
26399,1
26400,2
26401,1
26402,1
26403,1
26404,2
26405,1
26406,2
26407,1
26408,1
26409,2
26410,0
26411,1
26412,2
26413,0
26414,1
26415,1
26416,1
26417,1
26418,0
26419,1
26420,0
26421,1
26422,0
26423,1
26424,2
26425,1
26426,0
26427,2
26428,1
26429,1
26430,2
26431,2
26432,0
26433,2
26434,1
26435,1
26436,2
26437,1
26438,1
26439,2
26440,1
26441,1
26442,1
26443,0
26444,1
26445,2
26446,0
26447,1
26448,1
26449,2
26450,0
26451,1
26452,1
26453,1
26454,2
26455,1
26456,1
26457,2
26458,1
26459,1
26460,1
26461,1
26462,1
26463,0
26464,1
26465,0
26466,2
26467,1
26468,1
26469,0
26470,2
26471,2
26472,1
26473,1
26474,2
26475,1
26476,0
26477,0
26478,1
26479,1
26480,1
26481,1
26482,2
26483,1
26484,0
26485,0
26486,2
26487,1
26488,1
26489,1
26490,2
26491,2
26492,1
26493,2
26494,1
26495,2
26496,1
26497,0
26498,1
26499,1
26500,1
26501,3
26502,1
26503,1
26504,1
26505,1
26506,2
26507,1
26508,1
26509,2
26510,1
26511,1
26512,1
26513,1
26514,2
26515,1
26516,1
26517,1
26518,1
26519,2
26520,2
26521,1
26522,1
26523,1
26524,1
26525,1
26526,0
26527,1
26528,0
26529,1
26530,1
26531,1
26532,2
26533,1
26534,1
26535,1
26536,0
26537,0
26538,1
26539,1
26540,0
26541,1
26542,2
26543,1
26544,1
26545,1
26546,1
26547,1
26548,2
26549,0
26550,1
26551,1
26552,2
26553,2
26554,2
26555,0
26556,1
26557,1
26558,1
26559,2
26560,1
26561,2
26562,1
26563,0
26564,1
26565,2
26566,2
26567,0
26568,1
26569,2
26570,2
26571,2
26572,1
26573,2
26574,2
26575,1
26576,1
26577,0
26578,1
26579,2
26580,2
26581,0
26582,0
26583,1
26584,1
26585,1
26586,1
26587,2
26588,1
26589,1
26590,1
26591,1
26592,0
26593,0
26594,1
26595,1
26596,1
26597,2
26598,1
26599,1
26600,1
26601,1
26602,1
26603,1
26604,1
26605,0
26606,1
26607,1
26608,1
26609,1
26610,0
26611,1
26612,1
26613,1
26614,0
26615,2
26616,2
26617,2
26618,0
26619,1
26620,1
26621,2
26622,0
26623,2
26624,1
26625,2
26626,1
26627,1
26628,0
26629,1
26630,1
26631,2
26632,2
26633,1
26634,0
26635,2
26636,1
26637,1
26638,0
26639,1
26640,1
26641,2
26642,2
26643,1
26644,2
26645,1
26646,1
26647,1
26648,1
26649,1
26650,1
26651,1
26652,1
26653,1
26654,2
26655,2
26656,1
26657,0
26658,2
26659,0
26660,1
26661,1
26662,2
26663,2
26664,0
26665,1
26666,1
26667,2
26668,0
26669,0
26670,1
26671,1
26672,2
26673,1
26674,1
26675,0
26676,2
26677,1
26678,1
26679,2
26680,1
26681,1
26682,2
26683,1
26684,1
26685,1
26686,0
26687,0
26688,2
26689,0
26690,1
26691,0
26692,1
26693,0
26694,1
26695,2
26696,2
26697,1
26698,1
26699,0
26700,2
26701,2
26702,1
26703,2
26704,1
26705,1
26706,1
26707,1
26708,1
26709,2
26710,1
26711,0
26712,1
26713,0
26714,1
26715,1
26716,1
26717,0
26718,1
26719,1
26720,2
26721,1
26722,1
26723,1
26724,0
26725,1
26726,2
26727,1
26728,0
26729,1
26730,0
26731,2
26732,1
26733,2
26734,1
26735,1
26736,0
26737,0
26738,0
26739,1
26740,1
26741,1
26742,1
26743,0
26744,1
26745,0
26746,0
26747,1
26748,0
26749,2
26750,0
26751,1
26752,1
26753,0
26754,1
26755,0
26756,1
26757,1
26758,1
26759,1
26760,1
26761,1
26762,2
26763,1
26764,1
26765,2
26766,1
26767,1
26768,1
26769,2
26770,1
26771,2
26772,0
26773,2
26774,1
26775,1
26776,1
26777,0
26778,1
26779,1
26780,1
26781,1
26782,0
26783,1
26784,1
26785,1
26786,1
26787,2
26788,1
26789,0
26790,1
26791,1
26792,1
26793,2
26794,1
26795,1
26796,1
26797,1
26798,2
26799,1
26800,2
26801,1
26802,2
26803,2
26804,0
26805,1
26806,1
26807,2
26808,1
26809,0
26810,2
26811,2
26812,0
26813,0
26814,1
26815,0
26816,1
26817,1
26818,2
26819,1
26820,1
26821,2
26822,2
26823,1
26824,1
26825,1
26826,1
26827,0
26828,1
26829,2
26830,1
26831,1
26832,0
26833,1
26834,0
26835,1
26836,1
26837,1
26838,2
26839,1
26840,2
26841,0
26842,1
26843,1
26844,2
26845,0
26846,1
26847,1
26848,2
26849,2
26850,2
26851,1
26852,0
26853,1
26854,0
26855,0
26856,1
26857,2
26858,1
26859,1
26860,1
26861,0
26862,0
26863,1
26864,2
26865,1
26866,2
26867,1
26868,1
26869,1
26870,1
26871,1
26872,0
26873,1
26874,0
26875,2
26876,2
26877,1
26878,1
26879,1
26880,1
26881,1
26882,2
26883,1
26884,2
26885,0
26886,0
26887,2
26888,1
26889,1
26890,0
26891,1
26892,1
26893,0
26894,1
26895,1
26896,1
26897,2
26898,1
26899,1
26900,1
26901,0
26902,3
26903,3
26904,2
26905,1
26906,2
26907,1
26908,1
26909,0
26910,2
26911,2
26912,2
26913,0
26914,1
26915,2
26916,2
26917,0
26918,2
26919,1
26920,2
26921,0
26922,0
26923,1
26924,1
26925,1
26926,1
26927,1
26928,1
26929,1
26930,2
26931,1
26932,1
26933,2
26934,2
26935,1
26936,2
26937,1
26938,1
26939,2
26940,0
26941,1
26942,1
26943,0
26944,1
26945,0
26946,2
26947,0
26948,0
26949,2
26950,2
26951,2
26952,1
26953,1
26954,1
26955,2
26956,1
26957,2
26958,2
26959,1
26960,1
26961,1
26962,2
26963,1
26964,1
26965,2
26966,0
26967,1
26968,1
26969,2
26970,1
26971,0
26972,0
26973,1
26974,0
26975,2
26976,1
26977,1
26978,1
26979,1
26980,2
26981,1
26982,1
26983,2
26984,1
26985,0
26986,2
26987,2
26988,0
26989,3
26990,1
26991,1
26992,1
26993,2
26994,1
26995,1
26996,1
26997,1
26998,2
26999,0
27000,2